{"C":{"0":0.01,"1":0.1,"2":1,"3":10,"4":100},"Mean Test Score":{"0":0.6508571429,"1":0.6506666667,"2":0.6504761905,"3":0.6505714286,"4":0.6502857143},"kernel":{"0":"linear with pca","1":"linear with pca","2":"linear with pca","3":"linear with pca","4":"linear with pca"}}