{"C":{"0":0.01,"1":0.1,"2":1,"3":10,"4":100,"5":1000,"6":10000,"7":100000},"Mean Test Score":{"0":0.6751428571,"1":0.7277142857,"2":0.7926666667,"3":0.8521904762,"4":0.8984761905,"5":0.9394285714,"6":0.9503809524,"7":0.9484761905},"kernel":{"0":"rbf no pca","1":"rbf no pca","2":"rbf no pca","3":"rbf no pca","4":"rbf no pca","5":"rbf no pca","6":"rbf no pca","7":"rbf no pca"}}