{"C":{"0":0.01,"1":0.1,"2":1,"3":10,"4":100},"Mean Test Score":{"0":0.6920952381,"1":0.7183809524,"2":0.7325714286,"3":0.738,"4":0.7460952381},"kernel":{"0":"linear no pca","1":"linear no pca","2":"linear no pca","3":"linear no pca","4":"linear no pca"}}