{"C":{"0":0.01,"1":0.1,"2":1.0,"3":10.0,"4":100.0,"5":0.01,"6":0.1,"7":1.0,"8":10.0,"9":100.0,"10":0.01,"11":0.1,"12":1.0,"13":10.0,"14":100.0,"15":1000.0,"16":10000.0,"17":100000.0,"18":0.01,"19":0.1,"20":1.0,"21":10.0,"22":100.0,"23":1000.0,"24":10000.0,"25":100000.0},"Mean Test Score":{"0":0.6920952381,"1":0.7183809524,"2":0.7325714286,"3":0.738,"4":0.7460952381,"5":0.6508571429,"6":0.6506666667,"7":0.6504761905,"8":0.6505714286,"9":0.6502857143,"10":0.6751428571,"11":0.7277142857,"12":0.7926666667,"13":0.8521904762,"14":0.8984761905,"15":0.9394285714,"16":0.9503809524,"17":0.9484761905,"18":0.6658095238,"19":0.693047619,"20":0.7163809524,"21":0.732,"22":0.7461904762,"23":0.7579047619,"24":0.7805714286,"25":0.8001904762},"kernel":{"0":"linear no pca","1":"linear no pca","2":"linear no pca","3":"linear no pca","4":"linear no pca","5":"linear with pca","6":"linear with pca","7":"linear with pca","8":"linear with pca","9":"linear with pca","10":"rbf no pca","11":"rbf no pca","12":"rbf no pca","13":"rbf no pca","14":"rbf no pca","15":"rbf no pca","16":"rbf no pca","17":"rbf no pca","18":"rbf with pca","19":"rbf with pca","20":"rbf with pca","21":"rbf with pca","22":"rbf with pca","23":"rbf with pca","24":"rbf with pca","25":"rbf with pca"}}