{"C":{"0":0.01,"1":0.1,"2":1,"3":10,"4":100,"5":1000,"6":10000,"7":100000},"Mean Test Score":{"0":0.6658095238,"1":0.693047619,"2":0.7163809524,"3":0.732,"4":0.7461904762,"5":0.7579047619,"6":0.7805714286,"7":0.8001904762},"kernel":{"0":"rbf with pca","1":"rbf with pca","2":"rbf with pca","3":"rbf with pca","4":"rbf with pca","5":"rbf with pca","6":"rbf with pca","7":"rbf with pca"}}