{"mean":{"(0, 2)":0.0402559425,"(0, 5)":0.039030292,"(0, 7)":0.0440557696,"(0, 8)":0.0430223839,"(0, 9)":0.0436428247,"(0, 10)":0.0440391054,"(0, 11)":0.2232750689,"(0, 12)":0.232345248,"(2, 5)":0.0382865848,"(2, 7)":0.0301149833,"(5, 8)":0.0303922964,"(7, 8)":0.073687044,"(7, 9)":0.0616543939,"(7, 11)":0.2207759851,"(8, 10)":0.0602034624,"(8, 12)":0.2297870604,"(9, 10)":0.0287962422,"(9, 11)":0.1805013355,"(10, 12)":0.1889735944,"(11, 12)":0.207277936},"std":{"(0, 2)":0.0100034159,"(0, 5)":0.0100940082,"(0, 7)":0.0177070345,"(0, 8)":0.017323731,"(0, 9)":0.0085146836,"(0, 10)":0.0077957099,"(0, 11)":0.0478259874,"(0, 12)":0.0474326473,"(2, 5)":0.0071620882,"(2, 7)":0.009708594,"(5, 8)":0.010373669,"(7, 8)":0.0131516569,"(7, 9)":0.0172927138,"(7, 11)":0.0415963717,"(8, 10)":0.0173471752,"(8, 12)":0.0391109659,"(9, 10)":0.0058357956,"(9, 11)":0.0403720847,"(10, 12)":0.0406663057,"(11, 12)":0.0313990992}}